"paper","da_label","count","percent","mean","median","mode","minimum","maximum","range","variance","standard_deviation","boxplot"
"http://orkg.org/orkg/resource/R159690","analysis",1,1,1,0,0,0,0,0,0,0,0
"http://orkg.org/orkg/resource/R192345","analysis",0,0,1,0,0,0,0,0,0,1,1
"http://orkg.org/orkg/resource/R192386","analysis",1,1,0,0,0,0,1,0,0,0,0
"http://orkg.org/orkg/resource/R192398","analysis",1,1,0,0,0,0,0,0,0,0,0
"http://orkg.org/orkg/resource/R192428","analysis",1,1,1,0,0,0,0,0,0,0,0
"http://orkg.org/orkg/resource/R192445","analysis",1,1,1,0,0,1,1,0,0,0,1
"http://orkg.org/orkg/resource/R193025","analysis",1,1,1,0,0,0,0,1,0,0,0
"http://orkg.org/orkg/resource/R193035","analysis",1,0,0,0,0,0,0,0,0,0,0
"http://orkg.org/orkg/resource/R193044","analysis",1,1,1,1,0,1,1,1,0,1,1
"http://orkg.org/orkg/resource/R193089","analysis",1,1,1,1,0,0,0,0,0,1,0
"http://orkg.org/orkg/resource/R193108","analysis",1,0,0,0,0,0,0,0,0,0,0
"http://orkg.org/orkg/resource/R193295","analysis",1,1,0,1,1,0,0,0,0,0,0
"http://orkg.org/orkg/resource/R193308","analysis",1,0,1,1,0,1,1,1,0,1,0
"http://orkg.org/orkg/resource/R193336","analysis",1,1,1,0,0,0,0,0,0,1,0
"http://orkg.org/orkg/resource/R193341","analysis",1,1,1,0,0,0,0,0,0,0,0
"http://orkg.org/orkg/resource/R193357","analysis",1,1,0,0,0,0,0,0,0,0,0
"http://orkg.org/orkg/resource/R193371","analysis",1,1,0,0,0,0,0,0,0,0,0
"http://orkg.org/orkg/resource/R193385","analysis",1,1,1,1,0,1,1,1,0,1,1
"http://orkg.org/orkg/resource/R193406","analysis",1,0,0,0,0,0,0,0,0,0,0
"http://orkg.org/orkg/resource/R193418","analysis",1,1,0,0,0,0,0,0,0,0,0
"http://orkg.org/orkg/resource/R193441","analysis",1,0,0,0,0,0,0,0,0,0,0
"http://orkg.org/orkg/resource/R193467","analysis",1,0,0,0,0,0,0,0,0,0,0
"http://orkg.org/orkg/resource/R193481","analysis",1,1,1,0,0,0,0,1,0,0,0
"http://orkg.org/orkg/resource/R193490","analysis",1,1,1,1,0,0,1,0,0,0,1
"http://orkg.org/orkg/resource/R193798","analysis",1,1,1,0,0,0,0,0,0,0,0
"http://orkg.org/orkg/resource/R193828","analysis",1,1,1,1,0,1,1,0,0,0,0
"http://orkg.org/orkg/resource/R193849","analysis",1,0,0,0,0,0,0,0,0,0,0
"http://orkg.org/orkg/resource/R193866","analysis",1,1,1,0,0,0,0,0,0,0,0
"http://orkg.org/orkg/resource/R193898","analysis",1,1,1,0,0,0,0,1,0,0,1
"http://orkg.org/orkg/resource/R193920","analysis",1,1,1,0,0,0,0,1,0,0,0
"http://orkg.org/orkg/resource/R193925","analysis",1,1,1,0,1,0,0,1,0,0,1
"http://orkg.org/orkg/resource/R193929","analysis",1,1,1,0,0,1,0,0,0,0,0
"http://orkg.org/orkg/resource/R194054","analysis",1,1,0,1,0,0,0,0,0,0,0
"http://orkg.org/orkg/resource/R194084","analysis",1,1,1,0,0,0,0,0,0,1,0
"http://orkg.org/orkg/resource/R194093","analysis",1,0,0,0,0,0,0,0,0,0,0
"http://orkg.org/orkg/resource/R194114","analysis",1,1,1,0,0,0,0,1,0,0,0
"http://orkg.org/orkg/resource/R194125","analysis",1,1,1,0,0,1,0,0,0,0,0
"http://orkg.org/orkg/resource/R194139","analysis",1,1,1,0,0,0,0,0,0,0,0
"http://orkg.org/orkg/resource/R194237","analysis",1,1,1,0,0,0,0,1,0,0,0
"http://orkg.org/orkg/resource/R194253","analysis",1,1,1,0,0,0,0,1,0,0,0
"http://orkg.org/orkg/resource/R194281","analysis",1,1,1,0,0,0,0,1,0,0,1
"http://orkg.org/orkg/resource/R194317","analysis",1,1,1,0,0,1,0,1,0,0,1
"http://orkg.org/orkg/resource/R194345","analysis",1,1,1,0,0,0,0,0,0,0,0
"http://orkg.org/orkg/resource/R194360","analysis",1,1,1,0,0,0,0,0,0,0,0
"http://orkg.org/orkg/resource/R194373","analysis",1,1,1,1,0,0,0,1,0,0,0
"http://orkg.org/orkg/resource/R194401","analysis",1,1,0,1,0,0,0,0,0,0,1
"http://orkg.org/orkg/resource/R194414","analysis",1,0,0,0,0,0,0,0,0,0,0
"http://orkg.org/orkg/resource/R194428","analysis",1,1,1,0,0,0,0,0,0,0,0
"http://orkg.org/orkg/resource/R194431","analysis",1,1,0,0,0,0,0,0,0,0,0
"http://orkg.org/orkg/resource/R194445","analysis",1,1,1,0,0,0,0,1,0,0,0
"http://orkg.org/orkg/resource/R194458","analysis",1,0,1,0,0,0,0,0,0,1,0
"http://orkg.org/orkg/resource/R194474","analysis",1,0,1,0,0,1,1,0,0,0,0
"http://orkg.org/orkg/resource/R194607","analysis",1,1,1,0,0,0,0,1,0,0,0
"http://orkg.org/orkg/resource/R194610","analysis",1,1,0,0,0,0,0,1,0,1,0
"http://orkg.org/orkg/resource/R194641","analysis",1,0,0,0,0,0,0,0,0,0,0
"http://orkg.org/orkg/resource/R194698","analysis",1,0,0,0,0,0,0,0,0,0,0
"http://orkg.org/orkg/resource/R194884","analysis",1,1,1,0,0,1,0,0,0,0,0
"http://orkg.org/orkg/resource/R194895","analysis",1,1,0,0,0,0,0,0,0,0,0
"http://orkg.org/orkg/resource/R194922","analysis",1,0,1,0,0,0,0,0,0,1,0
"http://orkg.org/orkg/resource/R194932","analysis",1,1,1,0,0,1,1,0,0,0,1
"http://orkg.org/orkg/resource/R194954","analysis",1,1,1,0,0,0,0,0,0,0,0
"http://orkg.org/orkg/resource/R194974","analysis",1,1,0,0,0,0,0,0,0,0,0
"http://orkg.org/orkg/resource/R195005","analysis",1,1,1,0,0,0,0,0,0,0,0
"http://orkg.org/orkg/resource/R195113","analysis",1,1,1,0,0,0,0,0,0,1,0
"http://orkg.org/orkg/resource/R195129","analysis",1,1,0,0,0,0,0,0,0,0,0
"http://orkg.org/orkg/resource/R195144","analysis",1,0,0,0,0,0,0,0,0,0,0
"http://orkg.org/orkg/resource/R195153","analysis",1,1,1,0,0,0,0,1,0,0,0
"http://orkg.org/orkg/resource/R195179","analysis",1,0,0,0,0,0,0,0,0,0,0
"http://orkg.org/orkg/resource/R195182","analysis",1,0,1,0,0,0,0,0,0,1,0
"http://orkg.org/orkg/resource/R195201","analysis",1,1,1,0,0,0,0,1,0,1,1
"http://orkg.org/orkg/resource/R195218","analysis",1,0,0,0,0,0,0,0,0,0,0
"http://orkg.org/orkg/resource/R195224","analysis",1,0,0,1,0,0,0,0,0,0,0
"http://orkg.org/orkg/resource/R195495","analysis",1,1,1,0,0,1,0,0,0,1,0
"http://orkg.org/orkg/resource/R195519","analysis",1,1,0,0,0,0,0,0,0,0,0
"http://orkg.org/orkg/resource/R195551","analysis",1,1,1,0,0,1,1,1,0,0,0
"http://orkg.org/orkg/resource/R195578","analysis",1,1,0,0,0,0,0,0,0,0,0
"http://orkg.org/orkg/resource/R195587","analysis",1,1,1,0,0,1,1,0,0,0,0
"http://orkg.org/orkg/resource/R195597","analysis",1,1,0,1,0,1,1,0,0,0,0
"http://orkg.org/orkg/resource/R195679","analysis",1,1,1,0,0,0,0,1,0,1,0
"http://orkg.org/orkg/resource/R195692","analysis",1,1,0,1,0,0,0,1,0,0,0
"http://orkg.org/orkg/resource/R195713","analysis",1,1,0,0,0,0,0,0,0,0,0
"http://orkg.org/orkg/resource/R195728","analysis",1,1,0,0,0,0,0,0,0,0,0
"http://orkg.org/orkg/resource/R195749","analysis",1,1,0,0,0,0,0,0,0,0,0
"http://orkg.org/orkg/resource/R195767","analysis",1,1,0,0,0,0,0,0,0,0,0
"http://orkg.org/orkg/resource/R195789","analysis",1,0,1,1,0,0,0,0,0,1,0
"http://orkg.org/orkg/resource/R195806","analysis",1,0,0,0,0,1,0,0,0,0,0
"http://orkg.org/orkg/resource/R195849","analysis",1,1,1,0,0,0,0,0,1,1,0
"http://orkg.org/orkg/resource/R195857","analysis",1,1,1,0,0,0,0,0,0,0,0
"http://orkg.org/orkg/resource/R195866","analysis",1,1,1,0,0,0,0,0,0,0,0
"http://orkg.org/orkg/resource/R195982","analysis",1,1,0,0,0,0,0,0,0,0,0
"http://orkg.org/orkg/resource/R195986","analysis",1,1,0,1,0,1,1,1,0,0,1
"http://orkg.org/orkg/resource/R195998","analysis",1,1,1,0,0,0,0,0,0,0,0
"http://orkg.org/orkg/resource/R196009","analysis",1,1,1,0,0,0,0,1,0,0,0
"http://orkg.org/orkg/resource/R196014","analysis",1,1,1,0,0,0,0,0,0,0,0
"http://orkg.org/orkg/resource/R196021","analysis",1,1,1,1,0,1,1,0,0,1,0
"http://orkg.org/orkg/resource/R196033","analysis",1,0,1,0,0,1,0,0,0,1,0
"http://orkg.org/orkg/resource/R196046","analysis",1,1,1,0,0,1,1,1,0,0,1
"http://orkg.org/orkg/resource/R196070","analysis",1,1,0,0,0,0,0,0,0,0,0
"http://orkg.org/orkg/resource/R198663","analysis",1,1,0,0,0,0,0,0,0,0,0
"http://orkg.org/orkg/resource/R198673","analysis",1,1,0,0,0,0,0,1,0,0,0
"http://orkg.org/orkg/resource/R198681","analysis",1,1,1,0,0,0,0,0,0,0,0
"http://orkg.org/orkg/resource/R198689","analysis",1,0,0,0,0,0,0,1,0,0,0
"http://orkg.org/orkg/resource/R198706","analysis",1,1,0,0,0,0,0,0,0,0,0
"http://orkg.org/orkg/resource/R198724","analysis",1,1,0,0,0,0,0,0,0,0,0
"http://orkg.org/orkg/resource/R198795","analysis",1,1,0,0,0,0,0,1,0,0,0
"http://orkg.org/orkg/resource/R198797","analysis",1,1,1,1,0,0,1,1,0,0,1
"http://orkg.org/orkg/resource/R198808","analysis",1,0,1,0,0,1,1,0,0,0,0
"http://orkg.org/orkg/resource/R198833","analysis",1,1,1,1,0,1,1,1,0,0,0
"http://orkg.org/orkg/resource/R198856","analysis",1,1,1,0,0,0,0,1,0,0,0
"http://orkg.org/orkg/resource/R198917","analysis",1,1,1,0,0,0,0,0,0,0,0
"http://orkg.org/orkg/resource/R198944","analysis",1,1,1,1,0,1,1,1,0,1,1
"http://orkg.org/orkg/resource/R198964","analysis",1,0,1,0,0,0,0,0,0,0,0
"http://orkg.org/orkg/resource/R198972","analysis",1,1,1,0,0,0,0,0,0,0,0
"http://orkg.org/orkg/resource/R198979","analysis",1,1,1,1,0,0,0,0,0,1,1
"http://orkg.org/orkg/resource/R198994","analysis",1,1,0,0,0,0,0,1,0,0,0
"http://orkg.org/orkg/resource/R199005","analysis",1,1,1,0,0,0,0,1,0,0,0
"http://orkg.org/orkg/resource/R199014","analysis",1,1,0,0,0,0,0,1,0,0,0
"http://orkg.org/orkg/resource/R199023","analysis",1,1,0,0,0,0,0,0,0,0,0
"http://orkg.org/orkg/resource/R199028","analysis",1,1,1,0,0,0,0,0,0,0,0
"http://orkg.org/orkg/resource/R199113","analysis",1,1,0,0,0,0,0,1,0,0,0
"http://orkg.org/orkg/resource/R199123","analysis",1,1,1,0,0,0,0,0,0,0,0
"http://orkg.org/orkg/resource/R199136","analysis",1,1,1,1,0,1,1,0,0,0,1
"http://orkg.org/orkg/resource/R199149","analysis",1,1,0,0,0,0,0,1,0,0,0
"http://orkg.org/orkg/resource/R199158","analysis",1,0,1,0,0,0,0,0,0,0,0
"http://orkg.org/orkg/resource/R199162","analysis",1,1,0,0,1,1,1,0,0,0,0
"http://orkg.org/orkg/resource/R200042","analysis",1,1,0,0,0,0,0,0,0,0,0
"http://orkg.org/orkg/resource/R200045","analysis",1,0,0,0,0,0,0,0,0,0,0
"http://orkg.org/orkg/resource/R200049","analysis",1,1,1,1,0,1,1,1,0,1,0
"http://orkg.org/orkg/resource/R200061","analysis",1,1,1,1,0,1,1,0,0,0,1
"http://orkg.org/orkg/resource/R200098","analysis",1,1,1,0,0,0,0,1,0,0,0
"http://orkg.org/orkg/resource/R200106","analysis",1,1,1,1,0,0,0,0,0,1,1
"http://orkg.org/orkg/resource/R200119","analysis",1,1,1,0,0,0,0,0,0,0,0
"http://orkg.org/orkg/resource/R211096","analysis",0,1,0,0,0,0,0,1,0,0,0
"http://orkg.org/orkg/resource/R211106","analysis",1,1,1,0,0,0,0,1,0,0,0
"http://orkg.org/orkg/resource/R211121","analysis",1,1,1,0,0,0,0,1,0,1,0
"http://orkg.org/orkg/resource/R211145","analysis",1,1,0,0,0,0,0,0,0,0,0
"http://orkg.org/orkg/resource/R211177","analysis",1,1,0,0,0,0,0,0,0,0,0
"http://orkg.org/orkg/resource/R211188","analysis",1,0,0,0,0,0,0,0,0,0,0
"http://orkg.org/orkg/resource/R211198","analysis",1,1,1,0,0,0,0,0,0,1,0
"http://orkg.org/orkg/resource/R211283","analysis",1,0,0,0,0,0,0,0,0,0,0
"http://orkg.org/orkg/resource/R211294","analysis",1,1,0,0,0,0,0,0,0,0,0
"http://orkg.org/orkg/resource/R211302","analysis",1,1,1,1,0,1,1,0,0,0,1
"http://orkg.org/orkg/resource/R211327","analysis",1,0,1,0,0,0,0,0,0,0,0
"http://orkg.org/orkg/resource/R211336","analysis",1,1,1,0,0,0,0,1,0,0,0
"http://orkg.org/orkg/resource/R211351","analysis",1,1,1,0,0,0,0,0,0,0,0
"http://orkg.org/orkg/resource/R211361","analysis",1,1,1,0,0,0,0,0,0,0,0
"http://orkg.org/orkg/resource/R211370","analysis",1,1,0,1,0,0,0,1,0,0,0
"http://orkg.org/orkg/resource/R211380","analysis",1,1,1,0,0,0,0,0,0,0,0
"http://orkg.org/orkg/resource/R211394","analysis",1,1,1,0,0,0,0,0,0,1,0
"http://orkg.org/orkg/resource/R211404","analysis",1,0,0,0,0,0,0,0,0,0,0
"http://orkg.org/orkg/resource/R211411","analysis",1,0,1,0,0,0,0,1,0,0,0
"http://orkg.org/orkg/resource/R211428","analysis",1,1,1,0,0,0,0,0,0,0,0
"http://orkg.org/orkg/resource/R211438","analysis",1,0,0,0,0,0,0,0,0,0,0
"http://orkg.org/orkg/resource/R211452","analysis",1,0,1,1,0,0,0,0,0,0,0
"http://orkg.org/orkg/resource/R211459","analysis",1,1,0,0,0,0,0,0,0,0,0
"http://orkg.org/orkg/resource/R211467","analysis",1,0,0,0,0,0,0,0,1,0,0
"http://orkg.org/orkg/resource/R211474","analysis",1,1,1,0,0,1,1,1,0,0,0
"http://orkg.org/orkg/resource/R211494","analysis",1,1,0,0,0,0,0,0,0,0,0
"http://orkg.org/orkg/resource/R211502","analysis",1,0,0,0,0,0,0,0,0,0,0
"http://orkg.org/orkg/resource/R220303","analysis",1,1,1,1,0,0,0,0,0,1,0
"http://orkg.org/orkg/resource/R220314","analysis",1,1,0,0,0,0,0,1,0,0,0
"http://orkg.org/orkg/resource/R220323","analysis",1,1,0,1,0,0,1,0,0,0,0
"http://orkg.org/orkg/resource/R220343","analysis",1,0,0,0,0,0,0,0,0,0,0
"http://orkg.org/orkg/resource/R220354","analysis",1,1,0,0,0,0,0,0,0,0,0
"http://orkg.org/orkg/resource/R220364","analysis",1,0,1,0,0,1,1,1,1,0,0
"http://orkg.org/orkg/resource/R220371","analysis",1,0,0,0,0,0,0,0,0,0,0
"http://orkg.org/orkg/resource/R220383","analysis",1,0,0,0,0,0,0,1,0,0,0
"http://orkg.org/orkg/resource/R220390","analysis",1,1,1,0,0,1,0,1,0,0,1
"http://orkg.org/orkg/resource/R220538","analysis",1,1,1,0,0,0,0,0,0,1,1
"http://orkg.org/orkg/resource/R220583","analysis",1,1,1,1,0,0,1,1,0,0,1
"http://orkg.org/orkg/resource/R220605","analysis",1,1,1,1,0,1,1,0,0,1,0
"http://orkg.org/orkg/resource/R220611","analysis",1,0,0,0,0,0,0,0,0,0,0
"http://orkg.org/orkg/resource/R220618","analysis",1,0,1,0,0,1,0,0,0,0,0
"http://orkg.org/orkg/resource/R220633","analysis",1,1,1,0,0,1,1,0,0,1,0
"http://orkg.org/orkg/resource/R220643","analysis",1,1,0,0,0,0,0,0,0,0,0
"http://orkg.org/orkg/resource/R220810","analysis",1,1,0,0,0,0,0,0,0,0,0
"http://orkg.org/orkg/resource/R220831","analysis",1,1,0,0,0,0,0,0,0,0,0
"http://orkg.org/orkg/resource/R220838","analysis",1,0,0,0,0,0,0,0,0,0,0
"http://orkg.org/orkg/resource/R220845","analysis",1,1,1,0,0,0,0,0,0,0,0
"http://orkg.org/orkg/resource/R220858","analysis",1,1,0,0,0,0,0,0,0,0,0
"http://orkg.org/orkg/resource/R220874","analysis",1,1,1,0,0,0,0,1,0,1,1
"http://orkg.org/orkg/resource/R220881","analysis",1,1,0,1,0,0,0,0,0,0,0
"http://orkg.org/orkg/resource/R220898","analysis",1,0,0,0,0,1,0,0,0,0,0
"http://orkg.org/orkg/resource/R597409","analysis",1,0,0,0,0,0,0,0,0,0,0
"http://orkg.org/orkg/resource/R597910","analysis",1,0,0,0,0,0,0,0,0,0,0
"http://orkg.org/orkg/resource/R598067","analysis",1,0,1,0,0,1,1,0,0,0,0
"http://orkg.org/orkg/resource/R598230","analysis",1,0,0,0,0,0,0,1,0,0,0
"http://orkg.org/orkg/resource/R598274","analysis",1,0,0,0,0,0,0,0,0,0,0
"http://orkg.org/orkg/resource/R598284","analysis",1,0,0,1,0,0,0,0,0,0,0
"http://orkg.org/orkg/resource/R598496","analysis",1,1,1,0,0,0,0,1,1,0,0
"http://orkg.org/orkg/resource/R598586","analysis",1,0,0,0,0,0,0,1,0,0,0
"http://orkg.org/orkg/resource/R598598","analysis",1,0,0,0,0,0,0,0,0,0,0
"http://orkg.org/orkg/resource/R598606","analysis",1,1,0,0,0,0,0,1,0,0,0
"http://orkg.org/orkg/resource/R598614","analysis",1,0,1,0,0,0,0,1,0,0,0
"http://orkg.org/orkg/resource/R598631","analysis",1,0,0,0,0,0,0,0,0,0,0
"http://orkg.org/orkg/resource/R598694","analysis",1,0,0,0,0,0,0,0,0,0,0
"http://orkg.org/orkg/resource/R600479","analysis",1,0,0,0,0,0,0,0,0,0,0
"http://orkg.org/orkg/resource/R601221","analysis",1,0,1,0,0,0,0,1,0,0,0
"http://orkg.org/orkg/resource/R602883","analysis",1,0,0,0,0,0,0,0,0,0,0
"http://orkg.org/orkg/resource/R603589","analysis",1,1,1,0,0,0,0,0,0,0,0
"http://orkg.org/orkg/resource/R603600","analysis",1,0,0,0,0,0,0,1,0,0,0
"http://orkg.org/orkg/resource/R605419","analysis",1,0,0,0,0,0,0,0,0,0,0
"http://orkg.org/orkg/resource/R605866","analysis",1,0,0,0,0,0,0,0,0,0,0
"http://orkg.org/orkg/resource/R605881","analysis",1,1,0,0,0,0,0,0,0,0,0
"http://orkg.org/orkg/resource/R606148","analysis",1,0,0,0,0,0,0,1,0,0,0
"http://orkg.org/orkg/resource/R606247","analysis",1,0,0,0,0,0,0,0,0,0,0
"http://orkg.org/orkg/resource/R606260","analysis",1,1,1,0,0,0,0,1,0,0,0
"http://orkg.org/orkg/resource/R606569","analysis",1,0,0,0,0,0,0,0,0,0,0
"http://orkg.org/orkg/resource/R606576","analysis",1,1,0,0,0,0,0,0,0,0,0
"http://orkg.org/orkg/resource/R606839","analysis",1,0,0,0,0,0,0,0,0,0,0
"http://orkg.org/orkg/resource/R606860","analysis",1,0,0,0,0,0,0,0,0,0,0
"http://orkg.org/orkg/resource/R606868","analysis",1,1,1,0,0,0,0,1,0,0,0
"http://orkg.org/orkg/resource/R606919","analysis",1,1,0,0,0,0,0,1,0,0,0
"http://orkg.org/orkg/resource/R606928","analysis",1,1,0,0,0,0,0,0,0,0,0
"http://orkg.org/orkg/resource/R606978","analysis",1,0,0,0,0,0,0,0,0,0,0
"http://orkg.org/orkg/resource/R607051","analysis",1,1,0,0,0,0,0,0,0,0,0
"http://orkg.org/orkg/resource/R607060","analysis",1,1,0,0,0,0,0,1,0,0,0
"http://orkg.org/orkg/resource/R647097","analysis",1,1,0,0,0,0,0,1,0,0,0
"http://orkg.org/orkg/resource/R554452","analysis",1,0,1,0,0,0,0,0,0,0,0
"http://orkg.org/orkg/resource/R554468","analysis",1,0,0,0,0,0,0,1,0,0,0
"http://orkg.org/orkg/resource/R555217","analysis",1,0,0,0,0,0,0,0,0,0,0
"http://orkg.org/orkg/resource/R555710","analysis",1,1,0,0,0,0,0,0,0,0,0
"http://orkg.org/orkg/resource/R556363","analysis",1,0,1,0,0,0,0,0,0,0,0
"http://orkg.org/orkg/resource/R556637","analysis",1,0,1,0,0,0,0,0,0,0,0
"http://orkg.org/orkg/resource/R557163","analysis",1,1,1,0,0,0,0,1,0,0,0
"http://orkg.org/orkg/resource/R558201","analysis",1,1,1,0,0,0,0,1,0,0,0
"http://orkg.org/orkg/resource/R558790","analysis",1,1,0,0,0,0,0,0,0,0,0
"http://orkg.org/orkg/resource/R576739","analysis",1,1,1,0,0,1,1,0,0,0,0
"http://orkg.org/orkg/resource/R576757","analysis",1,0,0,0,0,0,0,0,0,0,0
"http://orkg.org/orkg/resource/R576765","analysis",1,1,1,0,0,0,0,0,0,1,1
"http://orkg.org/orkg/resource/R576776","analysis",1,0,0,0,0,0,0,0,0,0,0
"http://orkg.org/orkg/resource/R578020","analysis",1,0,0,0,0,0,0,0,0,0,0
"http://orkg.org/orkg/resource/R578027","analysis",1,1,0,0,0,0,0,0,0,0,0
"http://orkg.org/orkg/resource/R578050","analysis",1,1,0,0,0,0,0,0,0,0,0
"http://orkg.org/orkg/resource/R578059","analysis",1,0,0,0,0,0,0,0,0,0,0
"http://orkg.org/orkg/resource/R580049","analysis",1,0,0,0,0,0,0,0,0,0,0
"http://orkg.org/orkg/resource/R580060","analysis",1,1,0,0,0,0,0,0,0,0,0
"http://orkg.org/orkg/resource/R580068","analysis",1,0,0,0,0,0,0,0,0,0,0
"http://orkg.org/orkg/resource/R580077","analysis",1,1,1,0,0,0,0,1,0,1,1
"http://orkg.org/orkg/resource/R580091","analysis",1,1,1,0,0,1,0,1,0,1,0
"http://orkg.org/orkg/resource/R580100","analysis",1,1,0,0,0,0,0,0,0,0,0
"http://orkg.org/orkg/resource/R580108","analysis",1,1,0,0,0,0,0,0,0,0,0
"http://orkg.org/orkg/resource/R580119","analysis",1,1,1,0,0,1,1,1,0,0,0
"http://orkg.org/orkg/resource/R580127","analysis",1,0,0,0,0,0,0,0,0,0,0
"http://orkg.org/orkg/resource/R580133","analysis",1,1,1,0,0,0,0,0,0,0,0
"http://orkg.org/orkg/resource/R580141","analysis",1,0,1,0,0,0,0,0,0,0,0
"http://orkg.org/orkg/resource/R583013","analysis",1,1,0,0,0,0,0,0,0,0,0
"http://orkg.org/orkg/resource/R583022","analysis",1,1,0,0,0,0,0,0,0,0,0
"http://orkg.org/orkg/resource/R583034","analysis",1,0,1,0,0,0,0,0,0,0,0
"http://orkg.org/orkg/resource/R583048","analysis",1,1,0,0,0,0,0,0,0,0,0
"http://orkg.org/orkg/resource/R583056","analysis",1,1,1,0,0,0,0,1,0,0,0
"http://orkg.org/orkg/resource/R583066","analysis",1,1,0,0,0,0,0,0,0,0,0
"http://orkg.org/orkg/resource/R583074","analysis",1,0,0,0,0,0,0,0,0,0,0
"http://orkg.org/orkg/resource/R583105","analysis",1,1,0,0,0,0,0,0,0,0,0
"http://orkg.org/orkg/resource/R583119","analysis",1,1,0,0,0,0,0,0,0,0,0
"http://orkg.org/orkg/resource/R583135","analysis",1,1,1,0,0,0,0,0,0,1,0
"http://orkg.org/orkg/resource/R583147","analysis",1,0,0,0,0,0,0,0,0,0,0
"http://orkg.org/orkg/resource/R583153","analysis",1,1,0,0,0,0,0,0,0,0,0
"http://orkg.org/orkg/resource/R583172","analysis",1,1,0,0,0,0,0,0,0,0,0
"http://orkg.org/orkg/resource/R583188","analysis",1,0,0,0,0,0,0,0,0,0,0
"http://orkg.org/orkg/resource/R583209","analysis",1,0,0,0,0,0,0,0,0,0,0
"http://orkg.org/orkg/resource/R583866","analysis",1,0,0,0,0,0,0,0,0,0,0
"http://orkg.org/orkg/resource/R583872","analysis",1,0,0,0,0,0,0,0,0,0,0
"http://orkg.org/orkg/resource/R583903","analysis",1,1,1,0,0,1,0,1,0,0,0
"http://orkg.org/orkg/resource/R583920","analysis",1,0,0,0,0,0,0,0,0,0,0
"http://orkg.org/orkg/resource/R583928","analysis",1,1,0,0,0,0,0,1,0,0,0
"http://orkg.org/orkg/resource/R583935","analysis",1,1,0,0,0,0,0,0,0,0,0
"http://orkg.org/orkg/resource/R583952","analysis",1,1,1,0,0,0,0,0,0,0,0
"http://orkg.org/orkg/resource/R584012","analysis",1,1,1,0,0,1,1,1,0,0,0
"http://orkg.org/orkg/resource/R584020","analysis",1,1,1,0,0,1,0,1,0,0,0
"http://orkg.org/orkg/resource/R584028","analysis",1,0,0,0,0,0,0,0,0,0,0
"http://orkg.org/orkg/resource/R584036","analysis",1,0,1,0,0,0,0,0,0,0,0
"http://orkg.org/orkg/resource/R584044","analysis",1,1,1,0,0,1,0,1,0,0,1
"http://orkg.org/orkg/resource/R584052","analysis",1,0,0,0,0,0,0,0,0,0,0
"http://orkg.org/orkg/resource/R584056","analysis",1,0,1,0,0,0,0,1,0,0,0
"http://orkg.org/orkg/resource/R584065","analysis",1,0,0,0,0,0,0,0,0,0,0
"http://orkg.org/orkg/resource/R584073","analysis",1,0,0,0,0,0,0,0,0,0,0
"http://orkg.org/orkg/resource/R584097","analysis",1,0,0,0,0,0,0,0,0,0,0
"http://orkg.org/orkg/resource/R584117","analysis",1,0,0,0,0,0,1,0,0,0,0
"http://orkg.org/orkg/resource/R586445","analysis",1,0,0,0,0,0,0,0,0,0,0
"http://orkg.org/orkg/resource/R586458","analysis",0,0,1,0,0,0,0,0,0,0,0
"http://orkg.org/orkg/resource/R586470","analysis",1,1,1,0,0,0,0,1,0,0,0
"http://orkg.org/orkg/resource/R586489","analysis",1,1,0,0,0,0,0,0,0,0,0
"http://orkg.org/orkg/resource/R586519","analysis",1,1,0,0,0,0,0,1,0,0,0
"http://orkg.org/orkg/resource/R587093","analysis",1,1,1,0,0,0,0,0,0,0,0
"http://orkg.org/orkg/resource/R587101","analysis",1,1,1,0,0,0,0,1,0,0,1
"http://orkg.org/orkg/resource/R587110","analysis",1,0,0,0,0,0,0,0,0,0,0
"http://orkg.org/orkg/resource/R587118","analysis",1,1,0,0,0,0,0,0,0,0,0
"http://orkg.org/orkg/resource/R588498","analysis",1,0,0,0,0,0,0,0,0,0,0
"http://orkg.org/orkg/resource/R588512","analysis",1,0,0,0,0,0,0,1,0,0,0
"http://orkg.org/orkg/resource/R588523","analysis",1,0,0,0,0,0,0,0,0,0,0
"http://orkg.org/orkg/resource/R588540","analysis",1,1,1,0,0,0,0,0,0,0,0
"http://orkg.org/orkg/resource/R588573","analysis",1,0,0,0,0,0,0,0,0,0,0
"http://orkg.org/orkg/resource/R588979","analysis",0,1,1,0,0,0,0,0,0,0,0
"http://orkg.org/orkg/resource/R589009","analysis",1,0,0,0,0,0,0,1,0,0,0
"http://orkg.org/orkg/resource/R589022","analysis",1,0,0,0,0,0,0,0,0,0,0
"http://orkg.org/orkg/resource/R589038","analysis",1,1,0,0,0,0,0,1,0,0,0
"http://orkg.org/orkg/resource/R589047","analysis",1,0,0,0,0,0,1,0,0,0,0
"http://orkg.org/orkg/resource/R596003","analysis",1,0,0,0,0,0,0,0,0,0,0
"http://orkg.org/orkg/resource/R596028","analysis",1,1,1,0,0,0,0,1,0,0,0
"http://orkg.org/orkg/resource/R596045","analysis",1,0,0,0,0,0,0,0,0,0,0
"http://orkg.org/orkg/resource/R597081","analysis",1,1,0,0,0,0,0,0,0,0,0
"http://orkg.org/orkg/resource/R597176","analysis",1,0,0,0,0,0,0,0,0,0,0
"http://orkg.org/orkg/resource/R108199","analysis",1,1,1,0,0,0,0,1,0,0,0
"http://orkg.org/orkg/resource/R111988","analysis",1,1,1,1,0,0,0,0,0,1,0
"http://orkg.org/orkg/resource/R112434","analysis",1,1,1,1,0,1,1,0,0,0,0
"http://orkg.org/orkg/resource/R113008","analysis",1,1,1,0,0,0,0,0,1,1,1
"http://orkg.org/orkg/resource/R113067","analysis",1,1,1,1,0,0,0,1,0,0,0
"http://orkg.org/orkg/resource/R113160","analysis",1,1,1,1,0,0,0,0,0,1,1
"http://orkg.org/orkg/resource/R113204","analysis",1,1,1,0,0,1,0,1,0,0,0
"http://orkg.org/orkg/resource/R74547","analysis",1,1,1,0,0,1,1,0,0,0,0
"http://orkg.org/orkg/resource/R76792","analysis",1,1,1,0,0,0,0,0,0,0,1
"http://orkg.org/orkg/resource/R76818","analysis",1,1,1,0,0,0,0,0,0,0,1
"http://orkg.org/orkg/resource/R78392","analysis",1,1,1,0,0,1,0,1,0,0,0
"http://orkg.org/orkg/resource/R78432","analysis",1,1,1,1,0,0,1,0,0,1,1
"http://orkg.org/orkg/resource/R78432","analysis",1,0,1,1,0,0,1,0,0,1,1
"http://orkg.org/orkg/resource/R659413","analysis",1,0,0,0,0,0,0,0,0,0,0
"http://orkg.org/orkg/resource/R659470","analysis",1,0,0,0,0,0,0,0,0,0,0
"http://orkg.org/orkg/resource/R660083","analysis",1,0,0,0,0,0,0,0,0,0,0
"http://orkg.org/orkg/resource/R660217","analysis",1,1,0,0,0,0,0,0,0,0,0
"http://orkg.org/orkg/resource/R661887","analysis",1,0,0,0,0,0,0,0,0,0,0
"http://orkg.org/orkg/resource/R671037","analysis",1,0,1,0,0,0,0,1,0,0,0
"http://orkg.org/orkg/resource/R671056","analysis",1,0,0,0,0,0,0,0,0,0,0
"http://orkg.org/orkg/resource/R675312","analysis",1,1,1,0,0,0,0,0,0,0,0
"http://orkg.org/orkg/resource/R675329","analysis",1,0,0,0,0,0,0,0,0,0,0
"http://orkg.org/orkg/resource/R675349","analysis",1,0,0,0,0,0,0,0,0,0,0
"http://orkg.org/orkg/resource/R678146","analysis",1,1,0,0,0,0,0,0,0,0,0
"http://orkg.org/orkg/resource/R678216","analysis",1,0,0,0,0,0,0,0,0,0,0
"http://orkg.org/orkg/resource/R678227","analysis",1,1,1,0,0,0,0,0,0,1,0
"http://orkg.org/orkg/resource/R680008","analysis",1,1,0,0,0,0,0,0,0,0,0
"http://orkg.org/orkg/resource/R680028","analysis",1,1,0,0,0,0,0,0,0,0,0
"http://orkg.org/orkg/resource/R680038","analysis",1,0,0,0,0,0,0,0,0,0,0
"http://orkg.org/orkg/resource/R680058","analysis",1,1,1,0,0,0,0,0,0,0,0
"http://orkg.org/orkg/resource/R684194","analysis",1,1,0,0,0,0,0,0,0,0,0
"http://orkg.org/orkg/resource/R684218","analysis",1,0,1,0,0,0,0,1,0,1,0
"http://orkg.org/orkg/resource/R684258","analysis",1,1,1,0,0,0,0,1,0,0,0
"http://orkg.org/orkg/resource/R221137","analysis",1,1,1,0,0,0,0,0,0,0,0
"http://orkg.org/orkg/resource/R221147","analysis",1,1,0,0,0,0,0,0,0,0,0
"http://orkg.org/orkg/resource/R221156","analysis",1,0,0,0,0,0,0,0,0,0,1
"http://orkg.org/orkg/resource/R221163","analysis",1,1,0,0,0,0,0,0,0,0,0
"http://orkg.org/orkg/resource/R221176","analysis",1,1,1,0,0,0,0,1,0,0,0
"http://orkg.org/orkg/resource/R221183","analysis",1,0,0,0,0,0,0,0,0,0,0
"http://orkg.org/orkg/resource/R221187","analysis",1,0,0,0,0,0,0,0,0,0,0
"http://orkg.org/orkg/resource/R221801","analysis",0,0,1,0,0,0,0,0,1,0,0
"http://orkg.org/orkg/resource/R221821","analysis",1,0,1,0,0,0,0,1,0,1,1
"http://orkg.org/orkg/resource/R222366","analysis",1,1,0,0,0,0,0,0,0,0,0
"http://orkg.org/orkg/resource/R222375","analysis",1,1,1,0,0,0,0,0,0,0,1
"http://orkg.org/orkg/resource/R225574","analysis",1,1,1,0,0,0,0,0,0,0,0
"http://orkg.org/orkg/resource/R225580","analysis",1,1,1,1,0,0,0,1,0,1,0
"http://orkg.org/orkg/resource/R225589","analysis",1,1,1,0,0,1,1,0,0,0,0
"http://orkg.org/orkg/resource/R227465","analysis",1,1,1,1,0,1,1,1,0,1,0
"http://orkg.org/orkg/resource/R227501","analysis",1,0,0,0,0,0,0,0,0,0,0
"http://orkg.org/orkg/resource/R227514","analysis",0,1,0,0,0,0,0,0,0,0,1
"http://orkg.org/orkg/resource/R227533","analysis",1,1,1,0,0,1,0,0,0,0,0
"http://orkg.org/orkg/resource/R227551","analysis",1,1,0,0,0,0,0,0,0,0,0
"http://orkg.org/orkg/resource/R228189","analysis",1,1,1,0,0,0,0,0,0,1,1
"http://orkg.org/orkg/resource/R228211","analysis",0,1,1,0,0,0,0,0,0,0,0
"http://orkg.org/orkg/resource/R228229","analysis",1,0,1,0,0,0,0,1,0,0,0
"http://orkg.org/orkg/resource/R228262","analysis",1,1,0,0,0,0,0,0,0,0,0
"http://orkg.org/orkg/resource/R229273","analysis",1,1,1,0,0,0,0,1,0,1,0
"http://orkg.org/orkg/resource/R229316","analysis",1,1,1,0,0,0,0,0,0,0,0
"http://orkg.org/orkg/resource/R229340","analysis",1,1,0,0,0,0,0,0,0,0,0
"http://orkg.org/orkg/resource/R229375","analysis",1,1,1,0,0,0,0,0,0,0,0
"http://orkg.org/orkg/resource/R249016","analysis",1,0,0,0,0,0,0,0,0,0,0
"http://orkg.org/orkg/resource/R249021","analysis",1,1,1,0,0,0,0,0,0,0,0
"http://orkg.org/orkg/resource/R249030","analysis",1,1,1,1,0,0,0,0,0,0,0
"http://orkg.org/orkg/resource/R254495","analysis",1,0,0,0,0,0,0,1,0,0,0
"http://orkg.org/orkg/resource/R254508","analysis",1,0,1,0,0,0,0,1,0,0,0
"http://orkg.org/orkg/resource/R256580","analysis",1,1,0,0,0,0,0,1,0,0,0
"http://orkg.org/orkg/resource/R263000","analysis",1,1,0,0,0,0,0,0,0,0,0
"http://orkg.org/orkg/resource/R264011","analysis",1,0,0,0,0,0,0,1,0,0,0
"http://orkg.org/orkg/resource/R265006","analysis",1,1,1,1,0,0,1,1,0,0,0
"http://orkg.org/orkg/resource/R265019","analysis",1,1,1,0,0,0,0,1,0,1,0
"http://orkg.org/orkg/resource/R276009","analysis",1,0,0,0,0,0,0,0,0,0,0
"http://orkg.org/orkg/resource/R276015","analysis",1,1,0,0,0,0,0,0,0,0,0
"http://orkg.org/orkg/resource/R276024","analysis",1,0,0,0,0,0,0,0,0,0,0
"http://orkg.org/orkg/resource/R276031","analysis",1,0,0,0,0,0,0,0,0,0,0
"http://orkg.org/orkg/resource/R276045","analysis",1,1,1,0,0,1,0,1,0,1,0
"http://orkg.org/orkg/resource/R276051","analysis",1,1,0,0,0,0,0,0,0,0,0
"http://orkg.org/orkg/resource/R279079","analysis",1,1,0,0,0,1,1,0,0,0,0
"http://orkg.org/orkg/resource/R279086","analysis",1,1,1,1,0,0,0,0,0,1,1
"http://orkg.org/orkg/resource/R279109","analysis",1,1,1,0,0,0,0,0,0,0,0
"http://orkg.org/orkg/resource/R279116","analysis",1,1,1,0,0,0,0,1,0,0,0
"http://orkg.org/orkg/resource/R279126","analysis",1,1,0,0,0,0,0,0,0,0,0
"http://orkg.org/orkg/resource/R279141","analysis",1,1,0,0,0,0,0,0,0,0,0
"http://orkg.org/orkg/resource/R280329","analysis",1,0,0,0,0,0,0,0,0,0,0
"http://orkg.org/orkg/resource/R280335","analysis",1,0,0,0,0,0,0,0,0,0,0
"http://orkg.org/orkg/resource/R280347","analysis",1,1,1,0,0,0,0,0,0,1,0
"http://orkg.org/orkg/resource/R280375","analysis",1,1,0,0,0,0,0,0,0,0,0
"http://orkg.org/orkg/resource/R280412","analysis",1,1,0,0,0,0,0,0,0,0,0
"http://orkg.org/orkg/resource/R280481","analysis",1,1,0,0,0,0,0,0,0,0,0
"http://orkg.org/orkg/resource/R280486","analysis",1,1,1,0,0,1,0,1,0,0,0
"http://orkg.org/orkg/resource/R280498","analysis",1,1,1,1,0,0,0,1,0,0,1
"http://orkg.org/orkg/resource/R280511","analysis",1,1,0,0,0,0,0,1,0,0,0
"http://orkg.org/orkg/resource/R280521","analysis",1,0,0,0,0,0,0,0,0,0,0
"http://orkg.org/orkg/resource/R280738","analysis",1,1,1,0,0,0,0,1,0,0,0
"http://orkg.org/orkg/resource/R280747","analysis",1,1,0,0,0,0,0,1,0,0,0
"http://orkg.org/orkg/resource/R280754","analysis",1,0,0,0,0,0,0,0,0,0,0
"http://orkg.org/orkg/resource/R280758","analysis",1,1,1,0,0,0,0,0,0,0,0
"http://orkg.org/orkg/resource/R280765","analysis",1,1,1,0,0,1,1,0,0,1,1
"http://orkg.org/orkg/resource/R280798","analysis",1,1,0,0,0,0,0,0,0,0,0
"http://orkg.org/orkg/resource/R280811","analysis",1,1,1,0,0,0,0,0,0,0,0
"http://orkg.org/orkg/resource/R280818","analysis",1,1,0,0,0,0,1,0,0,0,0
"http://orkg.org/orkg/resource/R281166","analysis",1,0,0,0,0,0,0,0,0,0,0
"http://orkg.org/orkg/resource/R281172","analysis",1,0,1,0,0,1,1,0,0,0,0
"http://orkg.org/orkg/resource/R281188","analysis",1,1,0,0,0,0,0,0,0,0,0
"http://orkg.org/orkg/resource/R281194","analysis",1,1,1,0,0,0,0,0,0,1,0
"http://orkg.org/orkg/resource/R281210","analysis",1,0,1,0,0,0,0,0,0,0,0
"http://orkg.org/orkg/resource/R283069","analysis",1,0,0,0,0,0,0,0,0,0,0
"http://orkg.org/orkg/resource/R283080","analysis",1,1,1,1,0,0,0,1,0,0,0
"http://orkg.org/orkg/resource/R283098","analysis",1,1,0,0,0,0,0,0,0,0,0
"http://orkg.org/orkg/resource/R283106","analysis",1,1,0,0,0,0,0,1,0,0,0
"http://orkg.org/orkg/resource/R285771","analysis",1,1,0,0,0,0,0,0,0,0,0
"http://orkg.org/orkg/resource/R285776","analysis",1,0,1,0,0,0,0,0,0,0,0
"http://orkg.org/orkg/resource/R285781","analysis",1,1,0,0,0,0,0,1,0,0,0
"http://orkg.org/orkg/resource/R285790","analysis",1,0,1,1,0,0,0,1,0,0,0
"http://orkg.org/orkg/resource/R285816","analysis",1,1,1,0,0,0,0,0,0,0,0
"http://orkg.org/orkg/resource/R287812","analysis",0,1,1,0,0,0,0,0,0,1,0
"http://orkg.org/orkg/resource/R287825","analysis",1,0,0,1,0,0,0,0,0,0,0
"http://orkg.org/orkg/resource/R287836","analysis",1,1,1,0,0,0,0,1,0,1,0
"http://orkg.org/orkg/resource/R287845","analysis",1,1,0,0,0,0,0,0,0,0,0
"http://orkg.org/orkg/resource/R287851","analysis",1,1,1,0,0,0,0,0,1,0,0
"http://orkg.org/orkg/resource/R287863","analysis",1,1,1,1,0,0,0,0,0,0,0
"http://orkg.org/orkg/resource/R287873","analysis",0,1,1,0,0,1,0,0,0,0,0
"http://orkg.org/orkg/resource/R288432","analysis",1,1,0,0,0,0,0,0,0,0,0
"http://orkg.org/orkg/resource/R288453","analysis",1,0,0,0,0,0,0,0,0,0,0
"http://orkg.org/orkg/resource/R288460","analysis",1,0,0,0,0,0,0,0,0,0,0
"http://orkg.org/orkg/resource/R288476","analysis",1,0,0,0,0,0,0,1,0,0,0
"http://orkg.org/orkg/resource/R288485","analysis",1,0,1,0,0,0,0,1,0,0,0
"http://orkg.org/orkg/resource/R288494","analysis",1,0,0,0,0,0,0,0,0,0,0
"http://orkg.org/orkg/resource/R288507","analysis",1,0,1,0,0,0,0,0,0,0,0
"http://orkg.org/orkg/resource/R288742","analysis",1,1,1,0,0,0,0,0,0,0,0
"http://orkg.org/orkg/resource/R288764","analysis",1,1,1,0,0,0,0,0,0,0,0
"http://orkg.org/orkg/resource/R288766","analysis",1,1,0,0,0,0,0,1,0,0,0
"http://orkg.org/orkg/resource/R288801","analysis",1,1,1,0,0,0,0,0,0,0,0
"http://orkg.org/orkg/resource/R288808","analysis",1,0,0,0,0,0,0,0,0,0,0
"http://orkg.org/orkg/resource/R369142","analysis",1,1,0,0,0,0,0,1,0,0,0
"http://orkg.org/orkg/resource/R369238","analysis",1,1,1,0,0,0,0,0,0,0,0
"http://orkg.org/orkg/resource/R369339","analysis",1,0,0,0,0,0,0,1,0,0,0
"http://orkg.org/orkg/resource/R369483","analysis",1,0,1,0,0,0,0,0,0,0,0
"http://orkg.org/orkg/resource/R369685","analysis",1,1,1,0,0,0,0,0,0,0,0
"http://orkg.org/orkg/resource/R193022","analysis",,,,,,,,,,,
"http://orkg.org/orkg/resource/R193070","analysis",,,,,,,,,,,
"http://orkg.org/orkg/resource/R193330","analysis",,,,,,,,,,,
"http://orkg.org/orkg/resource/R193818","analysis",,,,,,,,,,,
"http://orkg.org/orkg/resource/R194686","analysis",,,,,,,,,,,
"http://orkg.org/orkg/resource/R195107","analysis",,,,,,,,,,,
"http://orkg.org/orkg/resource/R195669","analysis",,,,,,,,,,,
"http://orkg.org/orkg/resource/R196065","analysis",,,,,,,,,,,
"http://orkg.org/orkg/resource/R197609","analysis",,,,,,,,,,,
"http://orkg.org/orkg/resource/R198877","analysis",,,,,,,,,,,
"http://orkg.org/orkg/resource/R199039","analysis",,,,,,,,,,,
"http://orkg.org/orkg/resource/R211485","analysis",,,,,,,,,,,
"http://orkg.org/orkg/resource/R220629","analysis",,,,,,,,,,,
"http://orkg.org/orkg/resource/R220798","analysis",,,,,,,,,,,
"http://orkg.org/orkg/resource/R597400","analysis",,,,,,,,,,,
"http://orkg.org/orkg/resource/R597880","analysis",,,,,,,,,,,
"http://orkg.org/orkg/resource/R597889","analysis",,,,,,,,,,,
"http://orkg.org/orkg/resource/R598223","analysis",,,,,,,,,,,
"http://orkg.org/orkg/resource/R598506","analysis",,,,,,,,,,,
"http://orkg.org/orkg/resource/R602865","analysis",,,,,,,,,,,
"http://orkg.org/orkg/resource/R605077","analysis",,,,,,,,,,,
"http://orkg.org/orkg/resource/R606293","analysis",,,,,,,,,,,
"http://orkg.org/orkg/resource/R606302","analysis",,,,,,,,,,,
"http://orkg.org/orkg/resource/R606309","analysis",,,,,,,,,,,
"http://orkg.org/orkg/resource/R644694","analysis",,,,,,,,,,,
"http://orkg.org/orkg/resource/R554460","analysis",,,,,,,,,,,
"http://orkg.org/orkg/resource/R554861","analysis",,,,,,,,,,,
"http://orkg.org/orkg/resource/R576793","analysis",,,,,,,,,,,
"http://orkg.org/orkg/resource/R578035","analysis",,,,,,,,,,,
"http://orkg.org/orkg/resource/R580149","analysis",,,,,,,,,,,
"http://orkg.org/orkg/resource/R583082","analysis",,,,,,,,,,,
"http://orkg.org/orkg/resource/R583090","analysis",,,,,,,,,,,
"http://orkg.org/orkg/resource/R583098","analysis",,,,,,,,,,,
"http://orkg.org/orkg/resource/R583127","analysis",,,,,,,,,,,
"http://orkg.org/orkg/resource/R583218","analysis",,,,,,,,,,,
"http://orkg.org/orkg/resource/R583886","analysis",,,,,,,,,,,
"http://orkg.org/orkg/resource/R583895","analysis",,,,,,,,,,,
"http://orkg.org/orkg/resource/R584085","analysis",,,,,,,,,,,
"http://orkg.org/orkg/resource/R584109","analysis",,,,,,,,,,,
"http://orkg.org/orkg/resource/R586512","analysis",,,,,,,,,,,
"http://orkg.org/orkg/resource/R586527","analysis",,,,,,,,,,,
"http://orkg.org/orkg/resource/R587127","analysis",,,,,,,,,,,
"http://orkg.org/orkg/resource/R587141","analysis",,,,,,,,,,,
"http://orkg.org/orkg/resource/R587153","analysis",,,,,,,,,,,
"http://orkg.org/orkg/resource/R588487","analysis",,,,,,,,,,,
"http://orkg.org/orkg/resource/R588557","analysis",,,,,,,,,,,
"http://orkg.org/orkg/resource/R589002","analysis",,,,,,,,,,,
"http://orkg.org/orkg/resource/R589029","analysis",,,,,,,,,,,
"http://orkg.org/orkg/resource/R596015","analysis",,,,,,,,,,,
"http://orkg.org/orkg/resource/R596037","analysis",,,,,,,,,,,
"http://orkg.org/orkg/resource/R597186","analysis",,,,,,,,,,,
"http://orkg.org/orkg/resource/R597386","analysis",,,,,,,,,,,
"http://orkg.org/orkg/resource/R659290","analysis",,,,,,,,,,,
"http://orkg.org/orkg/resource/R661896","analysis",,,,,,,,,,,
"http://orkg.org/orkg/resource/R661908","analysis",,,,,,,,,,,
"http://orkg.org/orkg/resource/R675363","analysis",,,,,,,,,,,
"http://orkg.org/orkg/resource/R675399","analysis",,,,,,,,,,,
"http://orkg.org/orkg/resource/R678968","analysis",,,,,,,,,,,
"http://orkg.org/orkg/resource/R680050","analysis",,,,,,,,,,,
"http://orkg.org/orkg/resource/R684186","analysis",,,,,,,,,,,
"http://orkg.org/orkg/resource/R684242","analysis",,,,,,,,,,,
"http://orkg.org/orkg/resource/R221838","analysis",,,,,,,,,,,
"http://orkg.org/orkg/resource/R227482","analysis",,,,,,,,,,,
"http://orkg.org/orkg/resource/R254521","analysis",,,,,,,,,,,
"http://orkg.org/orkg/resource/R276000","analysis",,,,,,,,,,,
"http://orkg.org/orkg/resource/R279151","analysis",,,,,,,,,,,
"http://orkg.org/orkg/resource/R283077","analysis",,,,,,,,,,,
"http://orkg.org/orkg/resource/R288443","analysis",,,,,,,,,,,
"http://orkg.org/orkg/resource/R288513","analysis",,,,,,,,,,,
"http://orkg.org/orkg/resource/R288783","analysis",,,,,,,,,,,
